Gene stable ID,Gene start (bp),Gene end (bp),Chromosome/scaffold name,Gene name
ENSG00000177504,8169944,8171267,X,VCX2
ENSG00000125363,11293413,11300761,X,AMELX
ENSG00000169084,2219506,2502805,X,DHRSX
ENSG00000177138,9024232,9295682,X,FAM9B
ENSG00000183304,8790795,8801383,X,FAM9A
ENSG00000126010,16123565,16153518,X,GRPR
ENSG00000177324,18162931,18220886,X,BEND2
ENSG00000185915,21654690,21658330,X,KLHL34
ENSG00000149970,21372801,21654695,X,CNKSR2
ENSG00000169906,16650158,16654670,X,S100G
ENSG00000187516,37990779,37991314,X,H2AP
ENSG00000182798,16167481,16171464,X,MAGEB17
ENSG00000189132,34942796,34944915,X,FAM47B
ENSG00000177689,27807990,27823014,X,MAGEB10
ENSG00000102313,54748918,54798255,X,ITIH6
ENSG00000102043,64268081,64395452,X,MTMR8
ENSG00000008086,18425583,18653629,X,CDKL5
ENSG00000165164,35919734,36385317,X,CFAP47
ENSG00000268994,72781865,72782660,X,FAM236B
ENSG00000230797,21855987,21858740,X,YY2
ENSG00000147081,50190777,50201007,X,AKAP4
ENSG00000102221,46912276,47061242,X,JADE3
ENSG00000189299,55623400,55626192,X,FOXR2
ENSG00000187601,55452127,55453566,X,MAGEH1
ENSG00000250349,37349330,38687674,X,
ENSG00000196468,77447389,77457278,X,FGF16
ENSG00000147183,88747225,88754785,X,CPXCR1
ENSG00000174740,91434595,91438584,X,PABPC5
ENSG00000186288,73077276,73079512,X,PABPC1L2A
ENSG00000174225,100969708,100990831,X,ARL13A
ENSG00000165288,80669503,80809877,X,BRWD3
ENSG00000158813,69616067,70039472,X,EDA
ENSG00000198934,76427710,76431342,X,MAGEE1
ENSG00000153779,89921908,89922883,X,TGIF2LX
ENSG00000170925,107980864,107982370,X,TEX13B
ENSG00000186675,75782987,75785254,X,MAGEE2
ENSG00000047597,37685791,37732130,X,XK
ENSG00000047648,11117651,11665920,X,ARHGAP6
ENSG00000147082,50202713,50351914,X,CCNB3
ENSG00000196767,83508290,83512127,X,POU3F4
ENSG00000283594,72912615,72913401,X,FAM236C
ENSG00000102055,42777366,42778163,X,PPP1R2C
ENSG00000183035,83861126,83886699,X,CYLC1
ENSG00000147223,106900063,106903341,X,RIPPLY1
ENSG00000226372,27977992,27981449,X,DCAF8L1
ENSG00000186767,63347228,63351332,X,SPIN4
ENSG00000198354,126163499,126166289,X,DCAF12L2
ENSG00000189401,70062457,70064179,X,OTUD6A
ENSG00000102021,115289715,115307563,X,LUZP4
ENSG00000227234,141002594,141003706,X,SPANXB1
ENSG00000046774,142202342,142205290,X,MAGEC2
ENSG00000183434,133216662,133218354,X,TFDP3
ENSG00000189252,143508735,143517475,X,SPANXN3
ENSG00000278646,120877496,120878924,X,
ENSG00000226685,120930250,120932301,X,CT47A12
ENSG00000102239,136487947,136493780,X,BRS3
ENSG00000198881,64224194,64230607,X,ASB12
ENSG00000226929,120933840,120937158,X,CT47A11
ENSG00000288258,155061622,155065519,X,
ENSG00000184675,64185117,64205708,X,AMER1
ENSG00000198573,141241463,141242517,X,SPANXC
ENSG00000203923,145247503,145256208,X,SPANXN1
ENSG00000171116,149774068,149776867,X,HSFX1
ENSG00000182712,155061622,155071136,X,CMC4
ENSG00000156009,149881141,149885835,X,MAGEA8
ENSG00000228517,120953282,120956600,X,CT47A7
ENSG00000182195,141111605,141177129,X,LDOC1
ENSG00000241489,149477104,149540926,X,
ENSG00000185247,149688228,149717268,X,MAGEA11
ENSG00000102195,151176584,151181465,X,GPR50
ENSG00000166049,151563675,151676739,X,PASD1
ENSG00000225110,153317680,153321767,X,PNMA6F
ENSG00000196406,141697411,141698739,X,SPANXD
ENSG00000185010,154835788,155026940,X,F8
ENSG00000183631,126819729,126821786,X,PRR32
ENSG00000235699,146809771,146810411,X,CXorf51B
ENSG00000155966,148500617,149000663,X,AFF2
ENSG00000198889,126549383,126552814,X,DCAF12L1
ENSG00000182890,121047610,121050094,X,GLUD2
ENSG00000285547,72301691,72572843,X,
ENSG00000156920,136300963,136416890,X,ADGRG4
ENSG00000155961,155258235,155264491,X,RAB39B
ENSG00000186310,93670930,93673578,X,NAP1L3
ENSG00000204019,116461686,116462976,X,CT83
ENSG00000203926,141589708,141590762,X,SPANXA2
ENSG00000186810,71615916,71618511,X,CXCR3
ENSG00000277745,155459415,155460005,X,H2AB3
ENSG00000102076,154144243,154159032,X,OPN1LW
ENSG00000268221,154182596,154196861,X,OPN1MW
ENSG00000102178,154483717,154486615,X,UBL4A
ENSG00000005302,11758159,11775772,X,MSL3
ENSG00000196664,12867072,12890361,X,TLR7
ENSG00000204379,52495808,52500812,X,XAGE1A
ENSG00000187754,52644061,52654900,X,SSX7
ENSG00000204363,52796144,52797427,X,SPANXN5
ENSG00000277150,155456914,155458620,X,F8A3
ENSG00000184388,73002939,73006106,X,PABPC1L2B
ENSG00000175718,115189410,115192868,X,RBMXL3
ENSG00000268447,52751132,52790305,X,SSX2B
ENSG00000275520,72938163,72938958,X,FAM236A
ENSG00000283463,149929573,149931287,X,HSFX4
ENSG00000063587,153334147,153360110,X,ZNF275
ENSG00000147117,47370578,47414498,X,ZNF157
ENSG00000130054,69504326,69532508,X,NALF2
ENSG00000235961,153072454,153075019,X,PNMA6A
ENSG00000165584,48346427,48356707,X,SSX3
ENSG00000268009,48383516,48393347,X,SSX4
ENSG00000286268,48521806,48545469,X,
ENSG00000165195,15319452,15335554,X,PIGA
ENSG00000134595,140502985,140505069,X,SOX3
ENSG00000284987,153872221,153909223,X,
ENSG00000257529,101391011,101412297,X,RPL36A-HNRNPH2
ENSG00000204165,71103889,71106788,X,CXorf65
ENSG00000285171,71103987,71111575,X,
ENSG00000050030,74732856,74925472,X,NEXMIF
ENSG00000189037,44844021,44844888,X,DUSP21
ENSG00000147224,107628428,107651993,X,PRPS1
ENSG00000275113,49341192,49345922,X,GAGE2E
ENSG00000236737,49529869,49529985,X,GAGE12B
ENSG00000068985,49687447,49695984,X,PAGE1
ENSG00000165370,137023929,137033995,X,GPR101
ENSG00000102001,49205063,49233371,X,CACNA1F
ENSG00000188021,56563627,56567868,X,UBQLN2
ENSG00000085224,77504880,77786233,X,ATRX
ENSG00000101842,108044970,108079184,X,VSIG1
ENSG00000000005,100584936,100599885,X,TNMD
ENSG00000147256,131058346,131089885,X,ARHGAP36
ENSG00000269405,102247167,102326722,X,NXF2
ENSG00000285602,15561047,15675608,X,
ENSG00000234068,55089018,55092842,X,PAGE2
ENSG00000102230,24558087,24672677,X,PCYT1B
ENSG00000004848,25003694,25016420,X,ARX
ENSG00000182484,156020826,156025710,X,WASH6P
ENSG00000158639,55220346,55224108,X,PAGE5
ENSG00000102387,101268253,101293057,X,TAF7L
ENSG00000126752,48255392,48267444,X,SSX1
ENSG00000120498,70528940,70908711,X,TEX11
ENSG00000085185,129981107,130058071,X,BCORL1
ENSG00000133124,108719946,108736563,X,IRS4
ENSG00000123576,104250038,104254933,X,ESX1
ENSG00000268651,154585133,154586816,X,CTAG1A
ENSG00000122122,129779949,129795201,X,SASH3
ENSG00000102359,100644195,100675788,X,SRPX2
ENSG00000269096,135759846,135768191,X,CT45A3
ENSG00000278289,135794685,135802787,X,CT45A6
ENSG00000271449,135811668,135820012,X,CT45A2
ENSG00000278085,135846497,135854538,X,CT45A8
ENSG00000270946,135863418,135871812,X,CT45A9
ENSG00000203933,139955728,139965521,X,CXorf66
ENSG00000187808,119758588,119760202,X,SOWAHD
ENSG00000125352,119870475,119871733,X,RNF113A
ENSG00000132446,31071233,31072041,X,FTHL17
ENSG00000189369,51743442,51746232,X,GSPT2
ENSG00000165583,48186220,48196795,X,SSX5
ENSG00000283697,149548210,149549924,X,HSFX3
ENSG00000176774,26138343,26140736,X,MAGEB18
ENSG00000176746,26192440,26195646,X,MAGEB6
ENSG00000188408,26216169,26218270,X,MAGEB5
ENSG00000288053,49071470,49079887,X,
ENSG00000123584,149781930,149787737,X,MAGEA9
ENSG00000224089,120938701,120942023,X,CT47A10
ENSG00000226600,120943561,120946883,X,CT47A9
ENSG00000230347,120948422,120951744,X,CT47A8
ENSG00000226023,120958165,120961487,X,CT47A6
ENSG00000237957,120963026,120966348,X,CT47A5
ENSG00000230594,120967886,120971208,X,CT47A4
ENSG00000236126,120972746,120976068,X,CT47A3
ENSG00000242362,120977606,120980928,X,CT47A2
ENSG00000268738,149592512,149595314,X,HSFX2
ENSG00000196972,135094985,135098712,X,SMIM10L2B
ENSG00000224107,135118955,135120526,X,ETDB
ENSG00000169551,135156540,135171398,X,CT55
ENSG00000238210,135252061,135253583,X,ETDA
ENSG00000178947,135421944,135428075,X,SMIM10L2A
ENSG00000274183,154884972,154885558,X,H2AB1
ENSG00000288722,154886355,154888061,X,F8A1
ENSG00000101890,109372906,109482086,X,GUCY2F
ENSG00000176076,109623700,109625172,X,KCNE5
ENSG00000277858,155380709,155381299,X,H2AB2
ENSG00000288709,155382095,155383801,X,F8A2
ENSG00000205667,3006546,3034111,X,ARSH
ENSG00000226784,77967949,77969638,X,PGAM4
ENSG00000102078,130339888,130373361,X,SLC25A14
ENSG00000147262,130379449,130385674,X,GPR119
ENSG00000102174,22032325,22494713,X,PHEX
ENSG00000099399,30215563,30220089,X,MAGEB2
ENSG00000120289,30242000,30244187,X,MAGEB4
ENSG00000102287,151953124,151974680,X,GABRE
ENSG00000147234,107449652,107605255,X,FRMPD3
ENSG00000126950,101078879,101096367,X,TMEM35A
ENSG00000130066,23783173,23786210,X,SAT1
ENSG00000171054,131544074,131545000,X,OR13H1
ENSG00000171478,48130626,48132620,X,SPACA5B
ENSG00000130052,68647666,68725842,X,STARD8
ENSG00000198798,30230657,30237495,X,MAGEB3
ENSG00000215113,71763349,71767204,X,CXorf49B
ENSG00000166160,154219756,154233286,X,OPN1MW2
ENSG00000225396,72807425,72808210,X,FAM236D
ENSG00000123165,128050962,128052403,X,ACTRT1
ENSG00000215115,71714371,71718285,X,CXorf49
ENSG00000184033,154617609,154619282,X,CTAG1B
ENSG00000126890,154651972,154653579,X,CTAG2
ENSG00000126016,112774503,112840831,X,AMOT
ENSG00000204279,55258415,55264916,X,PAGE3
ENSG00000269791,48402082,48411960,X,SSX4B
ENSG00000236371,120982476,120985760,X,CT47A1
ENSG00000238205,40623428,40624136,X,MPC1L
ENSG00000184911,72776890,72848803,X,DMRTC1B
ENSG00000124343,2752040,2816500,X,XG
ENSG00000123569,104011147,104013708,X,H2BW1
ENSG00000102290,91779261,92623230,X,PCDH11X
ENSG00000183837,153056409,153060467,X,PNMA3
ENSG00000269502,72872025,72943837,X,DMRTC1
ENSG00000101981,139530739,139563459,X,F9
ENSG00000176988,147981337,148026665,X,FMR1NB
ENSG00000124260,152133310,152138578,X,MAGEA10
ENSG00000171402,52862525,52868083,X,XAGE3
ENSG00000165694,132076990,132128020,X,FRMD7
ENSG00000101825,3308565,3346652,X,MXRA5
ENSG00000227488,49541733,49549094,X,GAGE12D
ENSG00000216649,49551289,49558645,X,GAGE12E
ENSG00000215269,49570400,49577754,X,GAGE12G
ENSG00000224902,49579949,49587301,X,GAGE12H
ENSG00000205777,49599020,49608538,X,GAGE1
ENSG00000215274,49303646,49319841,X,GAGE10
ENSG00000224659,49322037,49329384,X,GAGE12J
ENSG00000268089,152637895,152657542,X,GABRQ
ENSG00000198883,152988824,152994116,X,PNMA5
ENSG00000188158,17375200,17735994,X,NHS
ENSG00000184083,54068324,54183281,X,FAM120C
ENSG00000269556,149596556,149631912,X,TMEM185A
ENSG00000126733,86148451,86832604,X,DACH2
ENSG00000123594,13318647,13320053,X,ATXN3L
ENSG00000205642,8464830,8466510,X,VCX3B
ENSG00000185515,155071420,155123077,X,BRCC3
ENSG00000185448,34129752,34132314,X,FAM47A
ENSG00000282419,124246249,124336863,X,TEX13D
ENSG00000183862,151734746,151745564,X,CNGA2
ENSG00000185960,624344,659411,X,SHOX
ENSG00000204116,73563197,73687111,X,CHIC1
ENSG00000236446,120872607,120875866,X,CT47B1
ENSG00000230707,140091678,140092911,X,HAPSTR2
ENSG00000241476,52696896,52707178,X,SSX2
ENSG00000182583,7842262,7844143,X,VCX
ENSG00000260802,111511645,111522399,X,SERTM2
ENSG00000165240,77910690,78050395,X,ATP7A
ENSG00000102104,18639688,18672108,X,RS1
ENSG00000223731,24360639,24367839,X,SUPT20HL1
ENSG00000171433,48761747,48773648,X,GLOD5
ENSG00000187682,48826513,48830138,X,ERAS
ENSG00000223611,24308210,24314069,X,SUPT20HL2
ENSG00000196440,101418287,101533459,X,ARMCX4
ENSG00000169933,11822423,12724523,X,FRMPD4
ENSG00000203870,154823348,154834662,X,SMIM9
ENSG00000250423,119078635,119150579,X,KIAA1210
ENSG00000224440,146814106,146814744,X,CXorf51A
ENSG00000171489,48004336,48009733,X,SPACA5
ENSG00000273696,135829229,135837280,X,CT45A7
ENSG00000196976,154477775,154479281,X,LAGE3
ENSG00000134588,133023168,133097109,X,USP26
ENSG00000171004,132626015,132961395,X,HS6ST2
ENSG00000249467,36719829,36720573,X,H2AL1Q
ENSG00000184210,70177483,70205704,X,DGAT2L6
ENSG00000204195,70234655,70240659,X,AWAT1
ENSG00000186912,70258166,70260204,X,P2RY4
ENSG00000120500,70268305,70281840,X,ARR3
ENSG00000147127,70282093,70285002,X,RAB41
ENSG00000072315,111768011,112082776,X,TRPC5
ENSG00000282815,125319871,125325216,X,TEX13C
ENSG00000243978,110358848,110456334,X,RTL9
ENSG00000198173,37008366,37011664,X,FAM47C
ENSG00000284800,102360395,102471812,X,
ENSG00000147168,71107404,71112108,X,IL2RG
ENSG00000101935,110194186,110440318,X,AMMECR1
ENSG00000198681,153179284,153183880,X,MAGEA1
ENSG00000278803,153266152,153279145,X,PWWP4
ENSG00000277535,119072993,119076765,X,CT47C1
ENSG00000183918,124227868,124373197,X,SH2D1A
ENSG00000101916,12906620,12923169,X,TLR8
ENSG00000187268,13035617,13044682,X,FAM9C
ENSG00000268940,135713639,135723539,X,CT45A1
ENSG00000228836,135775852,135785503,X,CT45A5
ENSG00000047644,10015254,10144474,X,WWC3
ENSG00000268235,102215298,102229532,X,TCP11X1
ENSG00000215029,102456862,102471842,X,TCP11X2
ENSG00000102145,48786540,48794311,X,GATA1
ENSG00000204025,111876051,111903990,X,TRPC5OS
ENSG00000101977,139581770,139708216,X,MCF2
ENSG00000189326,143025928,143034702,X,SPANXN4
ENSG00000189023,35798342,35803772,X,MAGEB16
ENSG00000269433,154257582,154271090,X,OPN1MW3
ENSG00000229674,37994272,37994904,X,H2AL3
ENSG00000232030,26160601,26162410,X,MAGEB6B
ENSG00000198021,141583674,141584738,X,SPANXA1
ENSG00000269437,102360395,102440008,X,NXF2B
ENSG00000278057,154271265,154295853,X,TEX28
ENSG00000268988,143711955,143720752,X,SPANXN2
ENSG00000287585,149414877,149415506,X,
ENSG00000169297,30304206,30309390,X,NR0B1
ENSG00000184785,134990991,134992473,X,SMIM10
ENSG00000156313,38269163,38327544,X,RPGR
ENSG00000126970,64915802,65034713,X,ZC4H2
ENSG00000198947,31097677,33339609,X,DMD
ENSG00000290184,49258343,49270477,X,
ENSG00000282933,119942834,119992838,X,RHOXF1P3
ENSG00000203989,120072264,120077690,X,RHOXF2B
ENSG00000131721,120158613,120165630,X,RHOXF2
ENSG00000186871,72204657,72239027,X,ERCC6L
ENSG00000214897,153395639,153401392,X,PNMA6E
ENSG00000182489,100913445,100929433,X,XKRX
ENSG00000101958,14529298,14731812,X,GLRA2
ENSG00000242732,72127110,72131915,X,RTL5
ENSG00000046653,13770939,13938638,X,GPM6B
ENSG00000187969,74304180,74305034,X,ZCCHC13
ENSG00000101812,104039956,104042454,X,H2BW2
ENSG00000101974,139726346,139945276,X,ATP11C
ENSG00000291314,10566888,10576955,X,
ENSG00000124313,53225828,53321350,X,IQSEC2
ENSG00000101871,10445310,10833654,X,MID1
ENSG00000007350,154295795,154330350,X,TKTL1
ENSG00000204131,71910845,72161750,X,NHSL2
ENSG00000169306,28587446,29956718,X,IL1RAPL1
ENSG00000147206,103075810,103093143,X,NXF3
ENSG00000189108,104566199,105767829,X,IL1RAPL2
ENSG00000268629,105218929,105220694,X,TEX13A
ENSG00000276380,143884071,143885255,X,UBE2NL
ENSG00000102096,48913182,48919024,X,PIM2
ENSG00000102393,101393273,101408012,X,GLA
ENSG00000204071,102140476,102142970,X,TCEAL6
ENSG00000147144,49053572,49069857,X,CCDC120
ENSG00000205755,1190490,1212723,X,CRLF2
ENSG00000171405,52811287,52818301,X,XAGE5
ENSG00000181433,135890182,135913062,X,SAGE1
ENSG00000283599,71667542,71671527,X,
ENSG00000009694,124375903,125204312,X,TENM1
ENSG00000288661,63754485,63754664,X,
ENSG00000169057,154021573,154137103,X,MECP2
ENSG00000288706,23783278,23783367,X,
ENSG00000273820,49879484,49882558,X,USP27X
ENSG00000268902,152708261,152721661,X,CSAG2
ENSG00000184735,22999960,23003589,X,DDX53
ENSG00000228372,135059685,135123952,X,SMIM10L2B-AS1
ENSG00000293663,135391849,135392207,X,
ENSG00000224960,27460207,27463341,X,PPP4R3C
ENSG00000130385,50910735,50916641,X,BMP15
ENSG00000204271,56818298,56995827,X,SPIN3
ENSG00000196433,1615059,1643081,X,ASMT
ENSG00000230399,118632375,118634616,X,RBBP8P1
ENSG00000175809,22272913,22274461,X,CBLL2
ENSG00000184481,71095851,71103535,X,FOXO4
ENSG00000122824,51332231,51337525,X,NUDT10
ENSG00000187690,51406948,51408843,X,EZHIP
ENSG00000196368,51490011,51496592,X,NUDT11
ENSG00000224109,51617020,51618912,X,CENPVL3
ENSG00000283093,51681212,51682831,X,CENPVL2
ENSG00000223591,51710512,51712131,X,CENPVL1
ENSG00000147036,37571569,37684463,X,LANCL3
ENSG00000300293,40834445,40934085,X,
ENSG00000310562,45730995,45732455,X,
ENSG00000147202,96684712,97604997,X,DIAPH2
ENSG00000204086,96883908,96885467,X,RPA4
ENSG00000286237,102712495,102753530,X,ARMCX5-GPRASP2
ENSG00000102128,102937272,102938300,X,RAB40AL
ENSG00000186416,119588337,119606443,X,NKRF
ENSG00000212747,135020513,135022542,X,RTL8B
ENSG00000134590,135032355,135033546,X,RTL8C
ENSG00000203950,135050932,135052196,X,RTL8A
ENSG00000133136,110346103,110440372,X,GNG5B
ENSG00000198455,57592011,57597477,X,ZXDB
ENSG00000215174,57677067,57680260,X,NLRP2B
ENSG00000198205,57905430,57910458,X,ZXDA
ENSG00000165509,141838316,141897832,X,MAGEC3
ENSG00000155495,141903894,141909374,X,MAGEC1
ENSG00000293661,135248590,135252011,X,
ENSG00000283644,135271717,135309803,X,ETDC
ENSG00000293662,135305788,135306402,X,
ENSG00000146950,9786429,9949443,X,SHROOM2
ENSG00000310579,9786429,9968352,X,
ENSG00000234469,9961424,9968352,X,CLDN34
ENSG00000184788,85092284,85243911,X,SATL1
ENSG00000183479,153444473,153470587,X,TREX2
ENSG00000147231,106611930,106679439,X,RADX
ENSG00000102245,136648158,136660390,X,CD40LG
ENSG00000225366,110520312,110523021,X,CRIPTO3
ENSG00000090776,68828992,68842160,X,EFNB1
ENSG00000065923,46599251,46759193,X,SLC9A7
ENSG00000076770,132369320,132489978,X,MBNL3
ENSG00000169083,67543353,67730619,X,AR
ENSG00000171365,49922596,50099235,X,CLCN5
ENSG00000177854,153972754,153983194,X,TMEM187
ENSG00000198759,13569601,13633575,X,EGFL6
ENSG00000130224,115110616,115234096,X,LRCH2
ENSG00000124334,155997696,156013017,X,IL9R
ENSG00000102271,87517409,87670050,X,KLHL4
ENSG00000165169,37836757,37847571,X,DYNLT3
ENSG00000187823,112082965,112458566,X,RTL4
ENSG00000123728,132203024,132219495,X,RAP2C
ENSG00000232593,53094142,53170914,X,KANTR
ENSG00000186462,73212299,73215239,X,NAP1L2
ENSG00000198088,107123427,107206505,X,NUP62CL
ENSG00000133135,106693794,106797016,X,RNF128
ENSG00000171388,129645259,129654959,X,APLN
ENSG00000243279,49071161,49074017,X,PRAF2
ENSG00000157625,30827442,30975084,X,TAB3
ENSG00000124479,43948772,43973395,X,NDP
ENSG00000214827,155064034,155147937,X,MTCP1
ENSG00000018610,119535669,119565409,X,STEEP1
ENSG00000102385,101219769,101264502,X,DRP2
ENSG00000133138,106802673,106876150,X,TBC1D8B
ENSG00000179300,78656068,78659532,X,RTL3
ENSG00000169562,71212811,71225519,X,GJB1
ENSG00000124429,85276746,85379755,X,POF1B
ENSG00000147138,79144678,79175318,X,GPR174
ENSG00000102243,136532154,136556807,X,VGLL1
ENSG00000182518,55143102,55161310,X,VCF2
ENSG00000102032,153935269,153944687,X,RENBP
ENSG00000101856,119236244,119244468,X,PGRMC1
ENSG00000129682,138614727,139222777,X,FGF13
ENSG00000102100,48903180,48911958,X,SLC35A2
ENSG00000147027,34627075,34657285,X,TMEM47
ENSG00000251192,46497725,46545457,X,ZNF674
ENSG00000238269,55075030,55078909,X,PAGE2B
ENSG00000122121,129738949,129769547,X,XPNPEP2
ENSG00000189420,153411434,153426481,X,ZFP92
ENSG00000123572,105822394,105958611,X,NRK
ENSG00000158578,55009055,55030986,X,ALAS2
ENSG00000062096,3040235,3112822,X,ARSF
ENSG00000204382,52512077,52520803,X,XAGE1B
ENSG00000158290,120505920,120604074,X,CUL4B
ENSG00000077713,119399336,119454478,X,SLC25A43
ENSG00000170935,107774899,107795829,X,NCBP2L
ENSG00000147246,114584078,114910061,X,HTR2C
ENSG00000155008,85003871,85093315,X,APOOL
ENSG00000184194,53048789,53080615,X,GPR173
ENSG00000156504,134769566,134797232,X,PABIR2
ENSG00000204272,56729219,56819179,X,NBDY
ENSG00000171657,41724181,41730130,X,GPR82
ENSG00000158352,50586796,50814302,X,SHROOM4
ENSG00000169059,6533618,6535118,X,VCX3A
ENSG00000158571,54931434,54998534,X,PFKFB1
ENSG00000165182,23907807,23939509,X,CXorf58
ENSG00000165376,106900125,106930862,X,CLDN2
ENSG00000078589,78945332,78963727,X,P2RY10
ENSG00000181191,69160721,69165521,X,PJA1
ENSG00000165186,23334318,23404374,X,PTCHD1
ENSG00000102048,15235288,15270467,X,ASB9
ENSG00000147113,45148373,45200963,X,DIPK2B
ENSG00000049768,49250436,49264800,X,FOXP3
ENSG00000015285,48676593,48691431,X,WAS
ENSG00000123561,106032425,106038778,X,SERPINA7
ENSG00000086717,18675909,18827921,X,PPEF1
ENSG00000036473,38327598,38424632,X,OTC
ENSG00000165194,100291644,100410296,X,PCDH19
ENSG00000269313,49162564,49168774,X,MAGIX
ENSG00000131264,73447053,73455171,X,CDX4
ENSG00000072133,84058346,84206356,X,RPS6KA6
ENSG00000204065,103273689,103276750,X,TCEAL5
ENSG00000268606,152749857,152754145,X,MAGEA2
ENSG00000147381,151912495,151925173,X,MAGEA4
ENSG00000181704,68498562,68537282,X,YIPF6
ENSG00000173275,135344199,135363413,X,ZNF449
ENSG00000068323,49028726,49043476,X,TFE3
ENSG00000198910,153861511,153886204,X,L1CAM
ENSG00000131174,77895727,77907376,X,COX7B
ENSG00000188419,85861180,86047561,X,CHM
ENSG00000102309,72181353,72302926,X,PIN4
ENSG00000269226,104063871,104076236,X,TMSB15C
ENSG00000086758,53532096,53686752,X,HUWE1
ENSG00000130055,70423031,70433710,X,GDPD2
ENSG00000130032,151694607,151705924,X,PRRG3
ENSG00000173674,20124525,20141982,X,EIF1AX
ENSG00000165175,38801417,38806537,X,MID1IP1
ENSG00000146938,5840637,6228867,X,NLGN4X
ENSG00000147164,71056332,71073426,X,SNX12
ENSG00000213401,152733757,152737679,X,MAGEA12
ENSG00000102053,65034788,65507887,X,ZC3H12B
ENSG00000147123,47142071,47145466,X,NDUFB11
ENSG00000147174,71578437,71613584,X,GCNA
ENSG00000029993,150980509,150990775,X,HMGB3
ENSG00000180182,40648305,40735877,X,MED14
ENSG00000047634,17737115,17754988,X,SCML1
ENSG00000181544,14690388,14873255,X,FANCB
ENSG00000203952,134237047,134246842,X,CCDC160
ENSG00000180964,103252863,103255204,X,TCEAL8
ENSG00000147400,152826994,152830782,X,CETN2
ENSG00000077721,119474802,119591083,X,UBE2A
ENSG00000169188,55000331,55009057,X,APEX2
ENSG00000196632,54192823,54358642,X,WNK3
ENSG00000186471,119895837,119920720,X,AKAP14
ENSG00000147145,78747680,78758724,X,LPAR4
ENSG00000134597,130401922,130413656,X,RBMX2
ENSG00000156925,137563314,137577691,X,ZIC3
ENSG00000126768,48893447,48898143,X,TIMM17B
ENSG00000102390,76173034,76178755,X,PBDC1
ENSG00000165349,70925575,70931149,X,SLC7A3
ENSG00000183305,152714580,152718612,X,MAGEA2B
ENSG00000268916,152753921,152760222,X,CSAG3
ENSG00000080561,107825755,107931637,X,MID2
ENSG00000011201,8528874,8732195,X,ANOS1
ENSG00000156709,130124666,130165879,X,AIFM1
ENSG00000182508,112625372,112680180,X,LHFPL1
ENSG00000198908,102720688,102753540,X,GPRASP3
ENSG00000126903,154487306,154490690,X,SLC10A3
ENSG00000269586,135879471,135893444,X,CT45A10
ENSG00000169446,135960588,135974029,X,MMGT1
ENSG00000197172,152766136,152769716,X,MAGEA6
ENSG00000274588,50365405,50470850,X,DGKK
ENSG00000158164,102513674,102516795,X,TMSB15A
ENSG00000090889,70290067,70420886,X,KIF4A
ENSG00000177485,120250752,120259741,X,ZBTB33
ENSG00000147257,133535745,133987100,X,GPC3
ENSG00000147162,71533083,71575892,X,OGT
ENSG00000147119,46573391,46598496,X,CHST7
ENSG00000156500,134796389,134854835,X,PABIR3
ENSG00000166707,104112060,104115847,X,ZCCHC18
ENSG00000102098,18239307,18355149,X,SCML2
ENSG00000134602,132023226,132075948,X,STK26
ENSG00000174016,80335504,80445311,X,TENT5D
ENSG00000101901,111665811,111760649,X,ALG13
ENSG00000125356,119871796,119876689,X,NDUFA1
ENSG00000185222,103356461,103358472,X,TCEAL9
ENSG00000101850,9724039,9786297,X,GPR143
ENSG00000214107,30243715,30252041,X,MAGEB1
ENSG00000168939,155612298,155782459,X,SPRY3
ENSG00000056277,130202707,130268899,X,ZNF280C
ENSG00000067992,24465244,24550466,X,PDK3
ENSG00000102030,153929225,153935080,X,NAA10
ENSG00000172943,53936676,54048958,X,PHF8
ENSG00000198930,152727484,152733736,X,CSAG1
ENSG00000147059,57134530,57137679,X,SPIN2A
ENSG00000123131,23664262,23686399,X,PRDX4
ENSG00000205542,12975107,12977227,X,TMSB4X
ENSG00000006757,7898247,7927739,X,PNPLA4
ENSG00000236362,49551278,49568218,X,GAGE12F
ENSG00000125676,123600561,123733056,X,THOC2
ENSG00000160131,151396515,151409364,X,VMA21
ENSG00000274274,49331582,49338949,X,GAGE13
ENSG00000011677,152166234,152451425,X,GABRA3
ENSG00000077274,111245099,111270483,X,CAPN6
ENSG00000179363,103710909,103714036,X,TMEM31
ENSG00000067840,153802166,153830930,X,PDZD4
ENSG00000241343,101390824,101396155,X,RPL36A
ENSG00000102119,154379244,154381574,X,EMD
ENSG00000102384,101098167,101166126,X,CENPI
ENSG00000221867,152698767,152702347,X,MAGEA3
ENSG00000102302,54445454,54496234,X,FGD1
ENSG00000012174,21839610,21885423,X,MBTPS2
ENSG00000237671,49532177,49539539,X,GAGE12C
ENSG00000130150,14873421,14922327,X,MOSPD2
ENSG00000214717,2486414,2502862,X,ZBED1
ENSG00000102007,49171787,49175235,X,PLP2
ENSG00000126012,53176277,53225422,X,KDM5C
ENSG00000102057,48960982,48971866,X,KCND1
ENSG00000166681,103376299,103378301,X,BEX3
ENSG00000126756,47651792,47659187,X,UXT
ENSG00000179083,93673181,93712274,X,FAM133A
ENSG00000167393,333933,386955,X,PPP2R3B
ENSG00000147130,71239617,71255269,X,ZMYM3
ENSG00000183337,40049815,40177329,X,BCOR
ENSG00000184634,71118543,71144103,X,MED12
ENSG00000232119,120594010,120621159,X,MCTS1
ENSG00000188937,41445383,41475710,X,NYX
ENSG00000213397,153447655,153495516,X,HAUS7
ENSG00000189064,49589496,49596827,X,GAGE2A
ENSG00000130829,153642401,153651326,X,DUSP9
ENSG00000174460,118823824,118826968,X,ZCCHC12
ENSG00000147378,151714192,151723194,X,FATE1
ENSG00000126953,101345652,101349001,X,TIMM8A
ENSG00000125931,72301638,72309652,X,CITED1
ENSG00000005022,119468395,119471396,X,SLC25A5
ENSG00000091482,21705978,21758176,X,SMPX
ENSG00000068354,48539684,48562609,X,TBC1D25
ENSG00000063601,150692971,150765165,X,MTMR1
ENSG00000196459,13712244,13734635,X,TRAPPC2
ENSG00000004961,11111299,11123086,X,HCCS
ENSG00000086712,16786432,16844519,X,TXLNG
ENSG00000186376,135248590,135344113,X,ZNF75D
ENSG00000147121,46447255,46497422,X,KRBOX4
ENSG00000169891,16946658,17153272,X,REPS2
ENSG00000124333,155881227,155943769,X,VAMP7
ENSG00000102362,100671783,100732151,X,SYTL4
ENSG00000049769,49269793,49301461,X,PPP1R3F
ENSG00000172476,103496541,103526752,X,RAB40A
ENSG00000165775,155025980,155060304,X,FUNDC2
ENSG00000198932,102650345,102659083,X,GPRASP1
ENSG00000102010,15464246,15556529,X,BMX
ENSG00000126945,101408114,101414137,X,HNRNPH2
ENSG00000102081,147911858,147951125,X,FMR1
ENSG00000131269,75051048,75156732,X,ABCB7
ENSG00000147394,152896695,152973511,X,ZNF185
ENSG00000147065,65588377,65741936,X,MSN
ENSG00000131089,63634967,63809274,X,ARHGEF9
ENSG00000198753,153764186,153779346,X,PLXNB3
ENSG00000089289,70133345,70166324,X,IGBP1
ENSG00000179222,51803007,51902357,X,MAGED1
ENSG00000188917,101009346,101052135,X,TRMT2B
ENSG00000160219,154675249,154751583,X,GAB3
ENSG00000067842,153517637,153582939,X,ATP2B3
ENSG00000184216,154010504,154019927,X,IRAK1
ENSG00000131080,66594384,66639298,X,EDA2R
ENSG00000269743,104099214,104157009,X,SLC25A53
ENSG00000101938,110673856,110796192,X,CHRDL1
ENSG00000102158,77825747,77899271,X,MAGT1
ENSG00000078596,79360384,79367697,X,ITM2A
ENSG00000182287,15825806,15854931,X,AP1S2
ENSG00000198034,72255679,72277312,X,RPS4X
ENSG00000102316,54807599,54816015,X,MAGED2
ENSG00000158427,103918896,103966712,X,TMSB15B
ENSG00000071859,154444103,154450654,X,FAM50A
ENSG00000184905,102125130,102140426,X,TCEAL2
ENSG00000010671,101349338,101390796,X,BTK
ENSG00000047230,16587950,16712976,X,CTPS2
ENSG00000101972,123960212,124422664,X,STAG2
ENSG00000198814,30653359,30731462,X,GK
ENSG00000158301,102712056,102717733,X,GPRASP2
ENSG00000071553,154428618,154436517,X,ATP6AP1
ENSG00000147133,71366131,71532374,X,TAF1
ENSG00000129680,136213220,136256482,X,MAP7D3
ENSG00000123130,23699396,23766475,X,ACOT9
ENSG00000179304,52891306,52908560,X,FAM156B
ENSG00000133134,103309345,103311298,X,BEX2
ENSG00000184515,102153464,102156017,X,BEX5
ENSG00000077264,110944285,111227361,X,PAK3
ENSG00000087842,15384799,15493635,X,PIR
ENSG00000068400,48973719,49002265,X,GRIPAP1
ENSG00000101843,108084202,108091619,X,PSMD10
ENSG00000165359,135520622,135582534,X,INTS6L
ENSG00000073464,10156943,10237660,X,CLCN4
ENSG00000010404,149476988,149521096,X,IDS
ENSG00000180815,19360056,19515508,X,MAP3K15
ENSG00000131725,118345968,118450285,X,WDR44
ENSG00000131828,19343893,19361718,X,PDHA1
ENSG00000072501,53374149,53422728,X,SMC1A
ENSG00000125962,102599168,102604159,X,ARMCX5
ENSG00000158423,53421951,53431624,X,RIBC1
ENSG00000186787,57118551,57121840,X,SPIN2B
ENSG00000101811,100820369,100841523,X,CSTF2
ENSG00000072506,53431258,53434371,X,HSD17B10
ENSG00000169239,15688830,15788411,X,CA5B
ENSG00000125354,119615724,119693949,X,SEPTIN6
ENSG00000165197,15345594,15384509,X,VEGFD
ENSG00000147403,154389955,154409168,X,RPL10
ENSG00000155962,155276211,155334673,X,CLIC2
ENSG00000188153,108439745,108697547,X,COL4A5
ENSG00000005889,24148976,24216255,X,ZFX
ENSG00000171100,150568417,150673143,X,MTM1
ENSG00000122126,129539849,129592561,X,OCRL
ENSG00000198918,119786497,119791662,X,RPL39
ENSG00000156298,38561498,38689249,X,TSPAN7
ENSG00000125355,120258650,120311556,X,TMEM255A
ENSG00000130119,54529900,54621565,X,GNL3L
ENSG00000101940,48589838,48608869,X,WDR13
ENSG00000102218,46836928,46889240,X,RP2
ENSG00000082458,70444835,70505490,X,DLG3
ENSG00000079482,67949349,68434120,X,OPHN1
ENSG00000147160,70040542,70049988,X,AWAT2
ENSG00000069509,44523639,44542972,X,FUNDC1
ENSG00000267978,149581653,149587459,X,MAGEA9B
ENSG00000102038,129446501,129523947,X,SMARCA1
ENSG00000007952,100843324,100874464,X,NOX1
ENSG00000170965,134565837,134764355,X,PLAC1
ENSG00000008056,47571901,47619858,X,SYN1
ENSG00000157514,107713221,107777342,X,TSC22D3
ENSG00000165259,84317874,84502496,X,HDX
ENSG00000221994,47983356,48071893,X,ZNF630
ENSG00000078061,47561182,47571921,X,ARAF
ENSG00000068438,48476021,48486364,X,FTSJ1
ENSG00000102265,47582408,47586789,X,TIMP1
ENSG00000102144,77910739,78129295,X,PGK1
ENSG00000125351,119833808,119853083,X,UPF3B
ENSG00000068308,48922024,48958386,X,OTUD5
ENSG00000101966,123859693,123913972,X,XIAP
ENSG00000123560,103769047,103792677,X,PLP1
ENSG00000101844,108091668,108154671,X,ATG4A
ENSG00000165675,130622325,130903272,X,ENOX2
ENSG00000102317,48574056,48581162,X,RBM3
ENSG00000131831,17799788,17861337,X,RAI2
ENSG00000094631,48801377,48824986,X,HDAC6
ENSG00000262919,153587925,153600045,X,CCNQ
ENSG00000005893,120426148,120469365,X,LAMP2
ENSG00000173681,19912860,19991097,X,BCLAF3
ENSG00000126759,47621537,47630305,X,CFP
ENSG00000003096,117897794,118117340,X,KLHL13
ENSG00000177189,20149911,20267519,X,RPS6KA3
ENSG00000022267,136146702,136211359,X,FHL1
ENSG00000076716,133300103,133416214,X,GPC4
ENSG00000183943,3604340,3713649,X,PRKX
ENSG00000068366,109624244,109733403,X,ACSL4
ENSG00000130826,154762742,154777697,X,DKC1
ENSG00000198960,101615118,101618003,X,ARMCX6
ENSG00000154545,52184767,52192268,X,MAGED4
ENSG00000133169,103062645,103064342,X,BEX1
ENSG00000147003,15627085,15675377,X,CLTRN
ENSG00000197021,149929527,149938831,X,EOLA2
ENSG00000196998,49074433,49101203,X,WDR45
ENSG00000130234,15494566,15607236,X,ACE2
ENSG00000130985,47190713,47215173,X,UBA1
ENSG00000196507,103607451,103629690,X,TCEAL3
ENSG00000102181,150766336,150898816,X,CD99L2
ENSG00000044446,18892298,18984988,X,PHKA2
ENSG00000147274,136848004,136880764,X,RBMX
ENSG00000006756,2903972,2929405,X,ARSD
ENSG00000173198,78271468,78327691,X,CYSLTR1
ENSG00000123595,13689122,13710504,X,RAB9A
ENSG00000101892,120362085,120383249,X,ATP1B4
ENSG00000130827,154458280,154477779,X,PLXNA3
ENSG00000130822,153669730,153689033,X,PNCK
ENSG00000130830,154778684,154821039,X,MPP1
ENSG00000130988,47078190,47094419,X,RGN
ENSG00000129675,136665547,136781688,X,ARHGEF6
ENSG00000130821,153687926,153696591,X,SLC6A8
ENSG00000120280,30557707,30577766,X,TASL
ENSG00000017483,48458537,48470554,X,SLC38A5
ENSG00000102172,21940709,21994837,X,SMS
ENSG00000101945,48695554,48709016,X,SUV39H1
ENSG00000101883,120109050,120245267,X,RHOXF1
ENSG00000147044,41514934,41923660,X,CASK
ENSG00000156531,134373286,134428792,X,PHF6
ENSG00000171659,41688973,41698371,X,GPR34
ENSG00000089472,66162483,66268910,X,HEPH
ENSG00000156697,129906121,129929761,X,UTP14A
ENSG00000268350,52926402,52995564,X,FAM156A
ENSG00000157600,110002631,110184260,X,TMEM164
ENSG00000101888,109535781,109544698,X,NXT2
ENSG00000196338,71143286,71175255,X,NLGN3
ENSG00000123575,104166453,104195902,X,FAM199X
ENSG00000002586,2690988,2741312,X,CD99
ENSG00000123496,115003975,115019977,X,IL13RA2
ENSG00000056998,2828571,2890109,X,GYG2
ENSG00000102034,130063955,130110904,X,ELF4
ENSG00000182378,276322,303358,X,PLCXD1
ENSG00000067829,153785735,153794535,X,IDH3G
ENSG00000147099,72329516,72573101,X,HDAC8
ENSG00000184343,153781001,153785768,X,SRPK3
ENSG00000067177,72578814,72714327,X,PHKA1
ENSG00000131263,74582976,74614627,X,RLIM
ENSG00000071889,154506159,154516882,X,FAM3A
ENSG00000102241,136496932,136513181,X,HTATSF1
ENSG00000215301,41333348,41364472,X,DDX3X
ENSG00000247746,55484616,55489874,X,USP51
ENSG00000083750,55717743,55758774,X,RRAGB
ENSG00000147140,71254270,71301522,X,NONO
ENSG00000130962,37349309,37492702,X,PRRG1
ENSG00000101928,134887613,134915470,X,MOSPD1
ENSG00000102349,56232356,56291531,X,KLF8
ENSG00000126895,153902531,153907166,X,AVPR2
ENSG00000101997,49235444,49250526,X,CCDC22
ENSG00000172534,153946434,153972427,X,HCFC1
ENSG00000012211,49174802,49186528,X,PRICKLE3
ENSG00000182162,1462572,1537187,X,P2RY8
ENSG00000102401,101622797,101627843,X,ARMCX3
ENSG00000133142,103576231,103590165,X,TCEAL4
ENSG00000147118,47974851,48004375,X,ZNF182
ENSG00000158526,54440402,54448032,X,TSR2
ENSG00000182916,103330178,103332326,X,TCEAL7
ENSG00000185973,155488606,155719107,X,TMLHE
ENSG00000268104,116436606,116461458,X,SLC6A14
ENSG00000068394,49113396,49123746,X,GPKOW
ENSG00000176896,13653078,13681964,X,TCEANC
ENSG00000147100,74421383,74533918,X,SLC16A2
ENSG00000175556,118974614,119022925,X,LONRF3
ENSG00000197565,108155607,108439497,X,COL4A6
ENSG00000102409,103215068,103217246,X,BEX4
ENSG00000077279,111293779,111412429,X,DCX
ENSG00000155622,52368577,52375680,X,XAGE2
ENSG00000147041,38006515,38128819,X,SYTL5
ENSG00000183690,44146255,44343850,X,EFHC2
ENSG00000069535,43766400,43882559,X,MAOB
ENSG00000101911,12791355,12824223,X,PRPS2
ENSG00000101846,7147237,7804358,X,STS
ENSG00000130021,6667865,7148165,X,PUDP
ENSG00000171155,120625674,120630054,X,C1GALT1C1
ENSG00000131171,81202005,81298547,X,SH3BGRL
ENSG00000123570,103822327,103835153,X,RAB9B
ENSG00000187243,52061827,52069272,X,MAGED4B
ENSG00000203879,154436600,154443467,X,GDI1
ENSG00000169249,15790106,15830694,X,ZRSR2
ENSG00000126947,101550411,101554704,X,ARMCX1
ENSG00000185291,1335025,1382689,X,IL3RA
ENSG00000172465,103628701,103630958,X,TCEAL1
ENSG00000157502,106168304,106208963,X,PWWP3B
ENSG00000196924,154348524,154374638,X,FLNA
ENSG00000165192,15281697,15315640,X,ASB11
ENSG00000179542,143622790,143636101,X,SLITRK4
ENSG00000198689,135973841,136047269,X,SLC9A6
ENSG00000131724,118727133,118794535,X,IL13RA1
ENSG00000102125,154409456,154421726,X,TAFAZZIN
ENSG00000046647,13998099,14029928,X,GEMIN8
ENSG00000013563,154401236,154412114,X,DNASE1L1
ENSG00000089682,107052095,107118823,X,RBM41
ENSG00000102312,48508574,48520814,X,PORCN
ENSG00000102103,48890197,48903640,X,PQBP1
ENSG00000000003,100627108,100639991,X,TSPAN6
ENSG00000166432,101882288,101932090,X,ZMAT1
ENSG00000133131,106813871,107000254,X,MORC4
ENSG00000198157,81112915,81202016,X,HMGN5
ENSG00000197779,47836471,48002561,X,ZNF81
ENSG00000147251,118495814,118686974,X,DOCK11
ENSG00000188706,129803288,129844215,X,ZDHHC9
ENSG00000185985,145817819,145829856,X,SLITRK2
ENSG00000147255,131273506,131578899,X,IGSF1
ENSG00000197620,149536605,149550510,X,EOLA1
ENSG00000184205,53082326,53088541,X,TSPYL2
ENSG00000101882,119920672,119943751,X,NKAP
ENSG00000178605,303346,318846,X,GTPBP6
ENSG00000094841,75156388,75304885,X,UPRT
ENSG00000169100,1386133,1392929,X,SLC25A6
ENSG00000182872,47144284,47186814,X,RBM10
ENSG00000147050,44873130,45112779,X,KDM6A
ENSG00000169093,1403138,1453786,X,ASMTL
ENSG00000101951,49793653,49834264,X,PAGE4
ENSG00000189221,43654907,43746821,X,MAOA
ENSG00000189186,27590281,27749942,X,DCAF8L2
ENSG00000120509,70281118,70290596,X,PDZD11
ENSG00000046651,13734675,13777955,X,OFD1
ENSG00000102109,48831088,48835632,X,PCSK1N
ENSG00000013619,150361422,150514178,X,MAMLD1
ENSG00000102054,16839283,16870372,X,RBBP7
ENSG00000269335,154541179,154565047,X,IKBKG
ENSG00000160211,154517825,154547584,X,G6PD
ENSG00000165168,37780018,37816994,X,CYBB
ENSG00000102383,75368427,75523502,X,ZDHHC15
ENSG00000147124,47444693,47483247,X,ZNF41
ENSG00000102003,49187807,49200218,X,SYP
ENSG00000122145,80014753,80031908,X,TBX22
ENSG00000185825,153698006,153725957,X,BCAP31
ENSG00000155659,66021738,66040125,X,VSIG4
ENSG00000169895,16719545,16765340,X,SYAP1
ENSG00000157399,2934045,2968475,X,ARSL
ENSG00000089820,153907367,153934999,X,ARHGAP4
ENSG00000101986,153724495,153744755,X,ABCD1
ENSG00000067445,54920462,54931436,X,TRO
ENSG00000147155,48521089,48528716,X,EBP
ENSG00000198223,1268779,1325373,X,CSF2RA
ENSG00000184831,23833353,23908070,X,APOO
ENSG00000180879,153793516,153798505,X,SSR4
ENSG00000147383,152830967,152869729,X,NSDHL
ENSG00000126767,47631621,47650604,X,ELK1
ENSG00000101955,38149336,38220941,X,SRPX
ENSG00000102024,115560928,115650861,X,PLS3
ENSG00000165704,134460155,134520513,X,HPRT1
ENSG00000184368,20006713,20117065,X,MAP7D2
ENSG00000102226,47232866,47248328,X,USP11
ENSG00000101849,9463258,9741037,X,TBL1X
ENSG00000080572,107206611,107244247,X,DNAAF6
ENSG00000147166,71301747,71305371,X,ITGB1BP2
ENSG00000147010,19533977,19887650,X,SH3KBP1
ENSG00000125675,123184023,123490915,X,GRIA3
ENSG00000134594,130171950,130184874,X,RAB33A
ENSG00000123562,103675360,103688158,X,MORF4L2
ENSG00000102225,47217860,47230000,X,CDK16
ENSG00000180772,116170744,116174974,X,AGTR2
ENSG00000184867,101655157,101659924,X,ARMCX2
ENSG00000173698,18989307,19122956,X,ADGRG2
ENSG00000155959,155197007,155239841,X,VBP1
ENSG00000197976,1591604,1602532,X,AKAP17A
ENSG00000185753,40626921,40647569,X,CXorf38
ENSG00000182492,153488654,153510299,X,BGN
ENSG00000124486,41085431,41236579,X,USP9X
ENSG00000130741,24054911,24078810,X,EIF2S3
ENSG00000187325,78129748,78139688,X,TAF9B
ENSG00000001497,65438549,65534818,X,LAS1L
ENSG00000174010,23983716,24027186,X,KLHL15
ENSG00000101868,24693864,24996986,X,POLA1
ENSG00000147180,85243839,85273422,X,ZNF711
ENSG00000165591,57286632,57490641,X,FAAH2
ENSG00000182220,40579372,40606848,X,ATP6AP2
